fd,convention,method,stage,ecr_unbounded_as_covered,ecr_finite_only,unbounded_rate,n_inf,n_total
FD001,Fixed-fraction,Mondrian CP (online),early,0.8033956993831513,0.8033956993831513,0.0,0,3774
FD001,Fixed-fraction,Mondrian CP (online),middle,0.6827978843630892,0.6827978843630892,0.0,0,3930
FD001,Fixed-fraction,Mondrian CP (online),late,0.9444211640003782,0.9444211640003782,0.0,0,3840
FD001,Fixed-fraction,Mondrian CP (split),early,0.888683669535393,0.888683669535393,0.0,0,3774
FD001,Fixed-fraction,Mondrian CP (split),middle,0.8196714074373752,0.8196714074373752,0.0,0,3930
FD001,Fixed-fraction,Mondrian CP (split),late,0.9485054285032143,0.9485054285032143,0.0,0,3840
FD001,CUSUM,Mondrian CP (online),early,0.8502661688498349,0.8502661688498349,0.0,0,1703
FD001,CUSUM,Mondrian CP (online),middle,0.793601398932896,0.793601398932896,0.0,0,1728
FD001,CUSUM,Mondrian CP (online),late,0.7967171578557176,0.7967171578557176,0.0,0,8113
FD001,CUSUM,Mondrian CP (split),early,0.9320733079556609,0.9320733079556609,0.0,0,1703
FD001,CUSUM,Mondrian CP (split),middle,0.8829869558773916,0.8829869558773916,0.0,0,1728
FD001,CUSUM,Mondrian CP (split),late,0.8748857772826354,0.8748857772826354,0.0,0,8113
FD001,TrainPct,Mondrian CP (online),early,0.7878360975181145,0.7878360975181145,0.0,0,9522
FD001,TrainPct,Mondrian CP (online),middle,0.9671405407043706,0.9671405407043706,0.0,0,1144
FD001,TrainPct,Mondrian CP (online),late,0.9749011040282513,0.9749011040282513,0.0,0,878
FD001,TrainPct,Mondrian CP (split),early,0.8797955281115856,0.8797955281115856,0.0,0,9522
FD001,TrainPct,Mondrian CP (split),middle,0.964094504785994,0.964094504785994,0.0,0,1144
FD001,TrainPct,Mondrian CP (split),late,0.9810344903747273,0.9810344903747273,0.0,0,878
FD001,Matched,Mondrian CP (online),early,0.8379119474232539,0.8379119474232539,0.0,0,1673
FD001,Matched,Mondrian CP (online),middle,0.7696265678522938,0.7696265678522938,0.0,0,1726
FD001,Matched,Mondrian CP (online),late,0.8116781063903082,0.8116781063903082,0.0,0,8145
FD001,Matched,Mondrian CP (split),early,0.937823600900524,0.937823600900524,0.0,0,1673
FD001,Matched,Mondrian CP (split),middle,0.8459347080816478,0.8459347080816478,0.0,0,1726
FD001,Matched,Mondrian CP (split),late,0.8824504255613917,0.8824504255613917,0.0,0,8145
FD002,Fixed-fraction,Mondrian CP (online),early,0.798933308024114,0.7986111371128076,0.0006248047485160887,6,9603
FD002,Fixed-fraction,Mondrian CP (online),middle,0.7287404724948062,0.7275330407715308,0.0031093279839518556,31,9970
FD002,Fixed-fraction,Mondrian CP (online),late,0.9000941173869177,0.8999343273966192,0.0014329580348004093,14,9770
FD002,Fixed-fraction,Mondrian CP (split),early,0.8504766553199653,0.8504766553199653,0.0,0,9603
FD002,Fixed-fraction,Mondrian CP (split),middle,0.8074374642395418,0.8074374642395418,0.0,0,9970
FD002,Fixed-fraction,Mondrian CP (split),late,0.924672575626448,0.924672575626448,0.0,0,9770
FD002,CUSUM,Mondrian CP (online),early,0.8307616877248224,0.8304499258272396,0.001025220422390814,5,4877
FD002,CUSUM,Mondrian CP (online),middle,0.8081133216271651,0.807485730937228,0.009259259259259259,46,4968
FD002,CUSUM,Mondrian CP (online),late,0.7935673492322699,0.7935673492322699,0.0,0,19498
FD002,CUSUM,Mondrian CP (split),early,0.8932150758577599,0.8932150758577599,0.0,0,4877
FD002,CUSUM,Mondrian CP (split),middle,0.844267715368126,0.844267715368126,0.0,0,4968
FD002,CUSUM,Mondrian CP (split),late,0.8647714197696617,0.8647714197696617,0.0,0,19498
FD002,TrainPct,Mondrian CP (online),early,0.8005509035074819,0.8000443864922907,0.002127304579961625,51,23974
FD002,TrainPct,Mondrian CP (online),middle,0.9241983795681592,0.9241983795681592,0.0,0,2783
FD002,TrainPct,Mondrian CP (online),late,0.8768958077343886,0.8768958077343886,0.0,0,2586
FD002,TrainPct,Mondrian CP (split),early,0.8606587857973385,0.8606587857973385,0.0,0,23974
FD002,TrainPct,Mondrian CP (split),middle,0.9458206684877036,0.9458206684877036,0.0,0,2783
FD002,TrainPct,Mondrian CP (split),late,0.9522576654073882,0.9522576654073882,0.0,0,2586
FD002,Matched,Mondrian CP (online),early,0.7962938429506429,0.7961520743878217,0.00020855057351407716,1,4795
FD002,Matched,Mondrian CP (online),middle,0.8001109975726918,0.7998092668148206,0.0012082158679017317,6,4966
FD002,Matched,Mondrian CP (online),late,0.8140794288219017,0.8135500276960789,0.0022469614952507406,44,19582
FD002,Matched,Mondrian CP (split),early,0.858395065471084,0.858395065471084,0.0,0,4795
FD002,Matched,Mondrian CP (split),middle,0.841537703803541,0.841537703803541,0.0,0,4966
FD002,Matched,Mondrian CP (split),late,0.8659945096803258,0.8659945096803258,0.0,0,19582
FD003,Fixed-fraction,Mondrian CP (online),early,0.830232885118416,0.830232885118416,0.0,0,4671
FD003,Fixed-fraction,Mondrian CP (online),middle,0.669607780916983,0.669607780916983,0.0,0,4849
FD003,Fixed-fraction,Mondrian CP (online),late,0.90739264954669,0.90739264954669,0.0,0,4736
FD003,Fixed-fraction,Mondrian CP (split),early,0.9166505509469622,0.9166505509469622,0.0,0,4671
FD003,Fixed-fraction,Mondrian CP (split),middle,0.7572536138125538,0.7572536138125538,0.0,0,4849
FD003,Fixed-fraction,Mondrian CP (split),late,0.9236997238532156,0.9236997238532156,0.0,0,4736
FD003,CUSUM,Mondrian CP (online),early,0.864013620021001,0.864013620021001,0.0,0,1982
FD003,CUSUM,Mondrian CP (online),middle,0.7640610416426119,0.7640610416426119,0.0,0,2011
FD003,CUSUM,Mondrian CP (online),late,0.7846845015260282,0.7846845015260282,0.0,0,10263
FD003,CUSUM,Mondrian CP (split),early,0.9500803859078477,0.9500803859078477,0.0,0,1982
FD003,CUSUM,Mondrian CP (split),middle,0.8861342001510398,0.8861342001510398,0.0,0,2011
FD003,CUSUM,Mondrian CP (split),late,0.8486835820944693,0.8486835820944693,0.0,0,10263
FD003,TrainPct,Mondrian CP (online),early,0.7939406850625983,0.7939406850625983,0.0,0,10348
FD003,TrainPct,Mondrian CP (online),middle,0.9082072827259633,0.9082072827259633,0.0,0,2084
FD003,TrainPct,Mondrian CP (online),late,0.9558733002154416,0.9558733002154416,0.0,0,1824
FD003,TrainPct,Mondrian CP (split),early,0.8706817865424399,0.8706817865424399,0.0,0,10348
FD003,TrainPct,Mondrian CP (split),middle,0.9359255007867332,0.9359255007867332,0.0,0,2084
FD003,TrainPct,Mondrian CP (split),late,0.925359791711585,0.925359791711585,0.0,0,1824
FD003,Matched,Mondrian CP (online),early,0.8228689432131896,0.8228689432131896,0.0,0,1947
FD003,Matched,Mondrian CP (online),middle,0.8368837922979688,0.8368837922979688,0.0,0,2015
FD003,Matched,Mondrian CP (online),late,0.7900402139653898,0.7900402139653898,0.0,0,10294
FD003,Matched,Mondrian CP (split),early,0.9378742719843098,0.9378742719843098,0.0,0,1947
FD003,Matched,Mondrian CP (split),middle,0.8967661203530768,0.8967661203530768,0.0,0,2015
FD003,Matched,Mondrian CP (split),late,0.8446441969239527,0.8446441969239527,0.0,0,10294
FD004,Fixed-fraction,Mondrian CP (online),early,0.8351784907586964,0.8351784907586964,0.0,0,11189
FD004,Fixed-fraction,Mondrian CP (online),middle,0.7153855107378042,0.7153855107378042,0.0,0,11591
FD004,Fixed-fraction,Mondrian CP (online),late,0.8779429648349403,0.8779296716764857,0.0001762114537444934,2,11350
FD004,Fixed-fraction,Mondrian CP (split),early,0.8629307609746684,0.8629307609746684,0.0,0,11189
FD004,Fixed-fraction,Mondrian CP (split),middle,0.7950773219250735,0.7950773219250735,0.0,0,11591
FD004,Fixed-fraction,Mondrian CP (split),late,0.8887071018314622,0.8887071018314622,0.0,0,11350
FD004,CUSUM,Mondrian CP (online),early,0.8249448891301636,0.8249448891301636,0.0,0,4699
FD004,CUSUM,Mondrian CP (online),middle,0.8119454640080785,0.8119454640080785,0.0,0,4782
FD004,CUSUM,Mondrian CP (online),late,0.7840369824191974,0.7840369824191974,8.113919428780072e-05,2,24649
FD004,CUSUM,Mondrian CP (split),early,0.8517733385035943,0.8517733385035943,0.0,0,4699
FD004,CUSUM,Mondrian CP (split),middle,0.8392425049386553,0.8392425049386553,0.0,0,4782
FD004,CUSUM,Mondrian CP (split),late,0.8533445180386007,0.8533445180386007,0.0,0,24649
FD004,TrainPct,Mondrian CP (online),early,0.8003701772223348,0.8003701772223348,0.0,0,25908
FD004,TrainPct,Mondrian CP (online),middle,0.8921705576974135,0.8921271272100799,0.00041562759767248546,2,4812
FD004,TrainPct,Mondrian CP (online),late,0.9482641765237353,0.9482641765237353,0.0,0,3410
FD004,TrainPct,Mondrian CP (split),early,0.8505107868592127,0.8505107868592127,0.0,0,25908
FD004,TrainPct,Mondrian CP (split),middle,0.920649261572593,0.920649261572593,0.0,0,4812
FD004,TrainPct,Mondrian CP (split),late,0.9619918540408902,0.9619918540408902,0.0,0,3410
FD004,Matched,Mondrian CP (online),early,0.8295324273099356,0.8295324273099356,0.0,0,4618
FD004,Matched,Mondrian CP (online),middle,0.8512808912594251,0.8512808912594251,0.0,0,4791
FD004,Matched,Mondrian CP (online),late,0.7968033797890504,0.7967990481058821,8.090287609724525e-05,2,24721
FD004,Matched,Mondrian CP (split),early,0.845352158393166,0.845352158393166,0.0,0,4618
FD004,Matched,Mondrian CP (split),middle,0.8696932937447951,0.8696932937447951,0.0,0,4791
FD004,Matched,Mondrian CP (split),late,0.8451926721620102,0.8451926721620102,0.0,0,24721
