fd,convention,method,stage,ecr_finite_only,unbounded_rate,n_inf,n_total
FD001,Fixed-fraction,MC-Dropout,early,0.920343027135139,0.0,0,3774
FD001,Fixed-fraction,MC-Dropout,middle,0.8224570775411489,0.0,0,3930
FD001,Fixed-fraction,MC-Dropout,late,0.9453114221521066,0.0,0,3840
FD001,Fixed-fraction,Split CP,early,0.9139824684288697,0.0,0,3774
FD001,Fixed-fraction,Split CP,middle,0.8116662522327646,0.0,0,3930
FD001,Fixed-fraction,Split CP,late,0.9409605709189599,0.0,0,3840
FD001,Fixed-fraction,Mondrian CP (online),early,0.8033956993831513,0.0,0,3774
FD001,Fixed-fraction,Mondrian CP (online),middle,0.6827978843630892,0.0,0,3930
FD001,Fixed-fraction,Mondrian CP (online),late,0.9444211640003782,0.0,0,3840
FD001,Fixed-fraction,Mondrian CP (split),early,0.8900169700692052,0.0,0,3774
FD001,Fixed-fraction,Mondrian CP (split),middle,0.8208349497773881,0.0,0,3930
FD001,Fixed-fraction,Mondrian CP (split),late,0.94914645414424,0.0,0,3840
FD001,CUSUM,MC-Dropout,early,0.9669290253905639,0.0,0,1703
FD001,CUSUM,MC-Dropout,middle,0.9225290425177303,0.0,0,1728
FD001,CUSUM,MC-Dropout,late,0.8774732568274094,0.0,0,8113
FD001,CUSUM,Split CP,early,0.9580413888106195,0.0,0,1703
FD001,CUSUM,Split CP,middle,0.926348092162572,0.0,0,1728
FD001,CUSUM,Split CP,late,0.864455340188893,0.0,0,8113
FD001,CUSUM,Mondrian CP (online),early,0.8502661688498349,0.0,0,1703
FD001,CUSUM,Mondrian CP (online),middle,0.793601398932896,0.0,0,1728
FD001,CUSUM,Mondrian CP (online),late,0.7967171578557176,0.0,0,8113
FD001,CUSUM,Mondrian CP (split),early,0.9332095573272043,0.0,0,1703
FD001,CUSUM,Mondrian CP (split),middle,0.8835174598561715,0.0,0,1728
FD001,CUSUM,Mondrian CP (split),late,0.8756263237741716,0.0,0,8113
FD001,TrainPct,MC-Dropout,early,0.8921738525241121,0.0,0,9522
FD001,TrainPct,MC-Dropout,middle,0.966952834399643,0.0,0,1144
FD001,TrainPct,MC-Dropout,late,0.9749851144930781,0.0,0,878
FD001,TrainPct,Split CP,early,0.8844859726221738,0.0,0,9522
FD001,TrainPct,Split CP,middle,0.9578445047859941,0.0,0,1144
FD001,TrainPct,Split CP,late,0.977967813121226,0.0,0,878
FD001,TrainPct,Mondrian CP (online),early,0.7878360975181145,0.0,0,9522
FD001,TrainPct,Mondrian CP (online),middle,0.9671405407043706,0.0,0,1144
FD001,TrainPct,Mondrian CP (online),late,0.9749011040282513,0.0,0,878
FD001,TrainPct,Mondrian CP (split),early,0.8809381847381133,0.0,0,9522
FD001,TrainPct,Mondrian CP (split),middle,0.964094504785994,0.0,0,1144
FD001,TrainPct,Mondrian CP (split),late,0.9814370668642604,0.0,0,878
FD001,Matched,MC-Dropout,early,0.9647625309163771,0.0,0,1673
FD001,Matched,MC-Dropout,middle,0.8824345940796441,0.0,0,1726
FD001,Matched,MC-Dropout,late,0.8837122082134486,0.0,0,8145
FD001,Matched,Split CP,early,0.9576043329889483,0.0,0,1673
FD001,Matched,Split CP,middle,0.8782134659462595,0.0,0,1726
FD001,Matched,Split CP,late,0.8758069797195566,0.0,0,8145
FD001,Matched,Mondrian CP (online),early,0.8379119474232539,0.0,0,1673
FD001,Matched,Mondrian CP (online),middle,0.7696265678522938,0.0,0,1726
FD001,Matched,Mondrian CP (online),late,0.8116781063903082,0.0,0,8145
FD001,Matched,Mondrian CP (split),early,0.9384153168768553,0.0,0,1673
FD001,Matched,Mondrian CP (split),middle,0.8477153348622747,0.0,0,1726
FD001,Matched,Mondrian CP (split),late,0.8834338735926751,0.0,0,8145
FD002,Fixed-fraction,MC-Dropout,early,0.9173560150817328,0.0,0,9603
FD002,Fixed-fraction,MC-Dropout,middle,0.8048192576568485,0.0,0,9970
FD002,Fixed-fraction,MC-Dropout,late,0.923538466650095,0.0,0,9770
FD002,Fixed-fraction,Split CP,early,0.9040159055231858,0.0,0,9603
FD002,Fixed-fraction,Split CP,middle,0.7824006827015597,0.0,0,9970
FD002,Fixed-fraction,Split CP,late,0.8970505322014093,0.0,0,9770
FD002,Fixed-fraction,Mondrian CP (online),early,0.7986111371128076,0.0006248047485160887,6,9603
FD002,Fixed-fraction,Mondrian CP (online),middle,0.7275330407715308,0.0031093279839518556,31,9970
FD002,Fixed-fraction,Mondrian CP (online),late,0.8999343273966192,0.0014329580348004093,14,9770
FD002,Fixed-fraction,Mondrian CP (split),early,0.8511253020614256,0.0,0,9603
FD002,Fixed-fraction,Mondrian CP (split),middle,0.8080045717299804,0.0,0,9970
FD002,Fixed-fraction,Mondrian CP (split),late,0.925157612738936,0.0,0,9770
FD002,CUSUM,MC-Dropout,early,0.9719171033188332,0.0,0,4877
FD002,CUSUM,MC-Dropout,middle,0.9211478075606181,0.0,0,4968
FD002,CUSUM,MC-Dropout,late,0.8498447994146903,0.0,0,19498
FD002,CUSUM,Split CP,early,0.9679785920308649,0.0,0,4877
FD002,CUSUM,Split CP,middle,0.9119922304340052,0.0,0,4968
FD002,CUSUM,Split CP,late,0.8211072884409256,0.0,0,19498
FD002,CUSUM,Mondrian CP (online),early,0.8304499258272396,0.001025220422390814,5,4877
FD002,CUSUM,Mondrian CP (online),middle,0.807485730937228,0.009259259259259259,46,4968
FD002,CUSUM,Mondrian CP (online),late,0.7935673492322699,0.0,0,19498
FD002,CUSUM,Mondrian CP (split),early,0.8943883229486563,0.0,0,4877
FD002,CUSUM,Mondrian CP (split),middle,0.8444607755954914,0.0,0,4968
FD002,CUSUM,Mondrian CP (split),late,0.8651906015453933,0.0,0,19498
FD002,TrainPct,MC-Dropout,early,0.8832289604183515,0.0,0,23974
FD002,TrainPct,MC-Dropout,middle,0.9504796777523654,0.0,0,2783
FD002,TrainPct,MC-Dropout,late,0.9475838495289471,0.0,0,2586
FD002,TrainPct,Split CP,early,0.8625525617832591,0.0,0,23974
FD002,TrainPct,Split CP,middle,0.9393015678579194,0.0,0,2783
FD002,TrainPct,Split CP,late,0.9343755461535815,0.0,0,2586
FD002,TrainPct,Mondrian CP (online),early,0.8000443864922907,0.002127304579961625,51,23974
FD002,TrainPct,Mondrian CP (online),middle,0.9241983795681592,0.0,0,2783
FD002,TrainPct,Mondrian CP (online),late,0.8768958077343886,0.0,0,2586
FD002,TrainPct,Mondrian CP (split),early,0.8612507107963783,0.0,0,23974
FD002,TrainPct,Mondrian CP (split),middle,0.9460686228640983,0.0,0,2783
FD002,TrainPct,Mondrian CP (split),late,0.9522576654073882,0.0,0,2586
FD002,Matched,MC-Dropout,early,0.9587745667974005,0.0,0,4795
FD002,Matched,MC-Dropout,middle,0.8744492152440909,0.0,0,4966
FD002,Matched,MC-Dropout,late,0.8639737800861725,0.0,0,19582
FD002,Matched,Split CP,early,0.9495948075592413,0.0,0,4795
FD002,Matched,Split CP,middle,0.8567208956118902,0.0,0,4966
FD002,Matched,Split CP,late,0.8395460799687384,0.0,0,19582
FD002,Matched,Mondrian CP (online),early,0.7961520743878217,0.00020855057351407716,1,4795
FD002,Matched,Mondrian CP (online),middle,0.7998092668148206,0.0012082158679017317,6,4966
FD002,Matched,Mondrian CP (online),late,0.8135500276960789,0.0022469614952507406,44,19582
FD002,Matched,Mondrian CP (split),early,0.8594476890051139,0.0,0,4795
FD002,Matched,Mondrian CP (split),middle,0.8417708040366413,0.0,0,4966
FD002,Matched,Mondrian CP (split),late,0.866522418005836,0.0,0,19582
FD003,Fixed-fraction,MC-Dropout,early,0.9617194170627668,0.0,0,4671
FD003,Fixed-fraction,MC-Dropout,middle,0.7585577808127182,0.0,0,4849
FD003,Fixed-fraction,MC-Dropout,late,0.926205412057145,0.0,0,4736
FD003,Fixed-fraction,Split CP,early,0.9498193681543688,0.0,0,4671
FD003,Fixed-fraction,Split CP,middle,0.7284960900094063,0.0,0,4849
FD003,Fixed-fraction,Split CP,late,0.9027541095217944,0.0,0,4736
FD003,Fixed-fraction,Mondrian CP (online),early,0.830232885118416,0.0,0,4671
FD003,Fixed-fraction,Mondrian CP (online),middle,0.669607780916983,0.0,0,4849
FD003,Fixed-fraction,Mondrian CP (online),late,0.90739264954669,0.0,0,4736
FD003,Fixed-fraction,Mondrian CP (split),early,0.9171494487309279,0.0,0,4671
FD003,Fixed-fraction,Mondrian CP (split),middle,0.7580813988900237,0.0,0,4849
FD003,Fixed-fraction,Mondrian CP (split),late,0.9240634563406595,0.0,0,4736
FD003,CUSUM,MC-Dropout,early,0.9939229731132566,0.0,0,1982
FD003,CUSUM,MC-Dropout,middle,0.9799522002963299,0.0,0,2011
FD003,CUSUM,MC-Dropout,late,0.8341907913966418,0.0,0,10263
FD003,CUSUM,Split CP,early,0.9872563064465899,0.0,0,1982
FD003,CUSUM,Split CP,middle,0.96900376218278,0.0,0,2011
FD003,CUSUM,Split CP,late,0.8104055491354357,0.0,0,10263
FD003,CUSUM,Mondrian CP (online),early,0.864013620021001,0.0,0,1982
FD003,CUSUM,Mondrian CP (online),middle,0.7640610416426119,0.0,0,2011
FD003,CUSUM,Mondrian CP (online),late,0.7846845015260282,0.0,0,10263
FD003,CUSUM,Mondrian CP (split),early,0.9504827527717531,0.0,0,1982
FD003,CUSUM,Mondrian CP (split),middle,0.8872715037076983,0.0,0,2011
FD003,CUSUM,Mondrian CP (split),late,0.8490476644681981,0.0,0,10263
FD003,TrainPct,MC-Dropout,early,0.8885004322419373,0.0,0,10348
FD003,TrainPct,MC-Dropout,middle,0.9361538608910316,0.0,0,2084
FD003,TrainPct,MC-Dropout,late,0.935480142567116,0.0,0,1824
FD003,TrainPct,Split CP,early,0.8700138197210823,0.0,0,10348
FD003,TrainPct,Split CP,middle,0.9068849231763365,0.0,0,2084
FD003,TrainPct,Split CP,late,0.9137591056416086,0.0,0,1824
FD003,TrainPct,Mondrian CP (online),early,0.7939406850625983,0.0,0,10348
FD003,TrainPct,Mondrian CP (online),middle,0.9082072827259633,0.0,0,2084
FD003,TrainPct,Mondrian CP (online),late,0.9558733002154416,0.0,0,1824
FD003,TrainPct,Mondrian CP (split),early,0.871159837203116,0.0,0,10348
FD003,TrainPct,Mondrian CP (split),middle,0.9362888728797565,0.0,0,2084
FD003,TrainPct,Mondrian CP (split),late,0.925767455796379,0.0,0,1824
FD003,Matched,MC-Dropout,early,0.9908823529411764,0.0,0,1947
FD003,Matched,MC-Dropout,middle,0.9495090239399703,0.0,0,2015
FD003,Matched,MC-Dropout,late,0.8464412915904551,0.0,0,10294
FD003,Matched,Split CP,early,0.9827005347593583,0.0,0,1947
FD003,Matched,Split CP,middle,0.931877126141832,0.0,0,2015
FD003,Matched,Split CP,late,0.8210546212125833,0.0,0,10294
FD003,Matched,Mondrian CP (online),early,0.8228689432131896,0.0,0,1947
FD003,Matched,Mondrian CP (online),middle,0.8368837922979688,0.0,0,2015
FD003,Matched,Mondrian CP (online),late,0.7900402139653898,0.0,0,10294
FD003,Matched,Mondrian CP (split),early,0.9390730731831111,0.0,0,1947
FD003,Matched,Mondrian CP (split),middle,0.8967661203530768,0.0,0,2015
FD003,Matched,Mondrian CP (split),late,0.8452011802635477,0.0,0,10294
FD004,Fixed-fraction,MC-Dropout,early,0.9687753149087508,0.0,0,11189
FD004,Fixed-fraction,MC-Dropout,middle,0.8261074641765532,0.0,0,11591
FD004,Fixed-fraction,MC-Dropout,late,0.9032356431489117,0.0,0,11350
FD004,Fixed-fraction,Split CP,early,0.9571080234577659,0.0,0,11189
FD004,Fixed-fraction,Split CP,middle,0.783433879832122,0.0,0,11591
FD004,Fixed-fraction,Split CP,late,0.872507913768894,0.0,0,11350
FD004,Fixed-fraction,Mondrian CP (online),early,0.8351784907586964,0.0,0,11189
FD004,Fixed-fraction,Mondrian CP (online),middle,0.7153855107378042,0.0,0,11591
FD004,Fixed-fraction,Mondrian CP (online),late,0.8779296716764857,0.0001762114537444934,2,11350
FD004,Fixed-fraction,Mondrian CP (split),early,0.8651703617003736,0.0,0,11189
FD004,Fixed-fraction,Mondrian CP (split),middle,0.7953808893208665,0.0,0,11591
FD004,Fixed-fraction,Mondrian CP (split),late,0.8888712299827226,0.0,0,11350
FD004,CUSUM,MC-Dropout,early,0.9915144320806023,0.0,0,4699
FD004,CUSUM,MC-Dropout,middle,0.9767576856544862,0.0,0,4782
FD004,CUSUM,MC-Dropout,late,0.8586271330981464,0.0,0,24649
FD004,CUSUM,Split CP,early,0.9864470292142216,0.0,0,4699
FD004,CUSUM,Split CP,middle,0.9687632873022061,0.0,0,4782
FD004,CUSUM,Split CP,late,0.8177711788828528,0.0,0,24649
FD004,CUSUM,Mondrian CP (online),early,0.8249448891301636,0.0,0,4699
FD004,CUSUM,Mondrian CP (online),middle,0.8119454640080785,0.0,0,4782
FD004,CUSUM,Mondrian CP (online),late,0.7840369824191974,8.113919428780072e-05,2,24649
FD004,CUSUM,Mondrian CP (split),early,0.8546619550544365,0.0,0,4699
FD004,CUSUM,Mondrian CP (split),middle,0.8412391288179635,0.0,0,4782
FD004,CUSUM,Mondrian CP (split),late,0.8534473022647797,0.0,0,24649
FD004,TrainPct,MC-Dropout,early,0.9040977141929769,0.0,0,25908
FD004,TrainPct,MC-Dropout,middle,0.924490235537498,0.0,0,4812
FD004,TrainPct,MC-Dropout,late,0.9616236187322584,0.0,0,3410
FD004,TrainPct,Split CP,early,0.8766804779405557,0.0,0,25908
FD004,TrainPct,Split CP,middle,0.9080577554719034,0.0,0,4812
FD004,TrainPct,Split CP,late,0.9518416386523195,0.0,0,3410
FD004,TrainPct,Mondrian CP (online),early,0.8003701772223348,0.0,0,25908
FD004,TrainPct,Mondrian CP (online),middle,0.8921271272100799,0.00041562759767248546,2,4812
FD004,TrainPct,Mondrian CP (online),late,0.9482641765237353,0.0,0,3410
FD004,TrainPct,Mondrian CP (split),early,0.8515119379468734,0.0,0,25908
FD004,TrainPct,Mondrian CP (split),middle,0.920649261572593,0.0,0,4812
FD004,TrainPct,Mondrian CP (split),late,0.9621957276392592,0.0,0,3410
FD004,Matched,MC-Dropout,early,0.9915792339471562,0.0,0,4618
FD004,Matched,MC-Dropout,middle,0.9593301199903959,0.0,0,4791
FD004,Matched,MC-Dropout,late,0.8695683663154827,0.0,0,24721
FD004,Matched,Split CP,early,0.985703037228963,0.0,0,4618
FD004,Matched,Split CP,middle,0.9442681448071351,0.0,0,4791
FD004,Matched,Split CP,late,0.8342141177873973,0.0,0,24721
FD004,Matched,Mondrian CP (online),early,0.8295324273099356,0.0,0,4618
FD004,Matched,Mondrian CP (online),middle,0.8512808912594251,0.0,0,4791
FD004,Matched,Mondrian CP (online),late,0.7967990481058821,8.090287609724525e-05,2,24721
FD004,Matched,Mondrian CP (split),early,0.8490570242509922,0.0,0,4618
FD004,Matched,Mondrian CP (split),middle,0.8711998813600784,0.0,0,4791
FD004,Matched,Mondrian CP (split),late,0.8454396443590898,0.0,0,24721
